Question,﻿Type,Answer,Response_GraphRAG,Score_GraphRAG
What are the four categories of errors that Node.js applications generally experience?,Content Retrieval,"The four categories are: Standard JavaScript errors, system errors, user-specified errors, and AssertionErrors.","The four categories of errors that Node.js applications generally experience are:

1. Standard JavaScript errors such as {EvalError}, {SyntaxError}, {RangeError}, {ReferenceError}, {TypeError}, and {URIError}.
2. System errors triggered by underlying operating system constraints such as attempting to open a file that does not exist or attempting to send data over a closed socket.
3. User-specified errors",0
What happens if an asynchronous method returns a promise and it is rejected in Node.js errors?,Content Retrieval,"If an asynchronous method returns a promise and that promise is rejected in Node.js, the assert.rejects() function can be used to test this behavior. It returns a rejected Promise with the error that caused the rejection. If the provided function does not return a promise, assert.rejects() itself rejects with an ERR_INVALID_RETURN_VALUE error. In both cases, no internal error handler is invoked—it’s up to the test or calling code to manage the rejection.","If an asynchronous method returns a promise and it is rejected in Node.js, the `assert.rejects()` function will return a rejected promise with that error.",0
What is the purpose of the error.code property in Node.js errors?,Content Retrieval,The error.code property is a string label that identifies the kind of error and is the most stable way to identify an error across Node.js versions.,"According to the context, the purpose of the `error.code` property in Node.js errors is:

* A string label that identifies the kind of error.
* It is the most stable way to identify an error, as it will only change between major versions of Node.js.
* It is a string representing the error code.

It is mentioned that `error.code` is stable between major versions of Node.js, and it is the most stable way to identify an error. This means that it can be used to uniquely identify an error, even across different versions of Node.js.",1
What is the default value of Error.stackTraceLimit in Node.js?,Content Retrieval,"The default value is 10, but it can be set to any valid JavaScript number.",The default value of Error.stackTraceLimit in Node.js is 10.,1
What does the EMFILE error in Node.js indicate?,Content Retrieval,The `EMFILE` error in Node.js occurs when the maximum number of file descriptors allowed by the system is reached.,"The EMFILE error in Node.js indicates that the system has reached the file descriptor limit for processes. This occurs when opening many files at once, especially on systems (such as macOS) where there is a low file descriptor limit for processes.",1
What does the ERR_FS_FILE_TOO_LARGE error in Node.js indicate?,Content Retrieval,It indicates that an attempt was made to read a file whose size is larger than the maximum allowed size for a Buffer.,The error code `ERR_FS_FILE_TOO_LARGE` in Node.js indicates that an attempt has been made to read a file whose size is larger than the maximum allowed size for a Buffer.,1
What is the meaning of the ERR_SOCKET_CLOSED error in Node.js?,Content Retrieval,It means that an attempt was made to operate on a socket that has already been closed.,The ERR_SOCKET_CANNOT_SEND error in Node.js indicates that data cannot be sent over a socket.,0
What does the ERR_HTTP2_INVALID_CONNECTION_HEADERS error in Node.js signify?,Content Retrieval,"It signifies that HTTP/1 connection-specific headers were used in HTTP/2 requests or responses, which is forbidden.",The `ERR_HTTP2_INVALID_CONNECTION_HEADERS` error in Node.js signifies that HTTP/1 connection specific headers are forbidden to be used in HTTP/2 requests and responses.,1
What is the stability rating of the node:assert module in Node.js?,Content Retrieval,"The stability rating is ""2 - Stable.""","According to the provided context, the stability rating of the node:assert module is 2 - Stable.",1
What is the default behavior of assert.deepEqual() in legacy assertion mode when comparing objects with different prototypes in Node.js?,Content Retrieval,"In legacy assertion mode, assert.deepEqual() ignores prototypes, so objects with different prototypes may still pass the assertion.",The default behavior of `assert.deepEqual` in legacy assertion mode when comparing objects with different prototypes is to throw an AssertionError.,0
What does the ERR_ASSERTION error code indicate in Node.js assert?,Content Retrieval,"The ERR_ASSERTION error code indicates that an assertion has failed, signaling an exceptional logic violation.","The ERR_ASSERTION error code in Node.js's assert module indicates that an assertion error has occurred. In other words, the code is throwing an error because the expected condition is not met, and the assertion failed.",1
What is the purpose of the stackStartFn parameter in assert.fail() Node.js?,Content Retrieval,The stackStartFn parameter in assert.fail() allows you to omit stack frames above the specified function from the stack trace.,The stackStartFn parameter in `assert.fail` is used to remove all frames above that function from the generated stack trace. This is internally used by the `Error.captureStackTrace` method to omit frames before the provided function.,1
What happens if you pass a non-string value as the first argument to assert.match() in Node.js?,Content Retrieval,"If a non-string value is passed as the first argument to assert.match(), an AssertionError is thrown with the message: ""The 'string' argument must be of type string.""","If you pass a non-string value as the first argument to `assert.match()`, an `AssertionError` is thrown with a `message` property set equal to ""The 'string' argument must be of type string.""",1
"What is the issue number for the fix related to ""diagnoseCorruption should not throw Unexpected type of BlockId for ShuffleBlockBatchId” in Apache Spark?",Content Retrieval,The issue number is SPARK-43242.,"According to the provided context, the issue number for the fix related to ""diagnoseCorruption should not throw Unexpected type of BlockId for ShuffleBlockBatchId"" in Apache Spark is:

SPARK-43242",1
What issue is addressed by SPARK-44581 in Apache Spark?,Content Retrieval,SPARK-44581 addresses the bug where ShutdownHookManager gets the wrong UGI from the SecurityManager of ApplicationMaster.,"What issue is addressed by SPARK-44581 in Apache Spark?

The issue addressed by SPARK-44581 in Apache Spark is ""Fix the bug that ShutdownHookManager gets wrong UGI from SecurityManager of ApplicationMaster"".",1
What is the purpose of Apache SPARK-51061?,Content Retrieval,SPARK-51061 hides Jetty info in the REST Submission API.,The context does not contain information about the purpose of Apache SPARK-51061.,0
What was fixed in Apache SPARK-31967?,Content Retrieval,SPARK-31967 fixed the issue where loading the jobs UI page took 40 seconds.,What was fixed in Apache Spark-31967?,1
What change was made to the modal and offcanvas header spacing in Bootstrap?,Content Retrieval,The modal and offcanvas header spacing was refactored in commit #39373.,"According to the context, the change made to the modal and offcanvas header spacing in Bootstrap is:

""Dropped evenly items distribution for modal and offcanvas headers.""",0
What issue was addressed in the color-modes.js script?,Content Retrieval,The color-modes.js script was fixed to handle the case where the OS is set to light mode and the auto color mode is used on the website.,"The issue addressed in the `color-modes.js` script is:

""Fixed our `color-modes.js` script to handle the case where the OS is set to light mode in terminal environments, read the tty `getColorDepth()` documentation.""

In other words, the script was updated to correctly handle the case where the operating system's color mode is set to light mode in terminal environments.",0
What accessibility improvement was made for decorative SVGs?,Content Retrieval,"The attribute aria-hidden=""true"" was added to decorative SVGs to improve accessibility.",The accessibility improvement made for decorative SVGs is to add aria-hidden on some decorative SVGs (#40756).,0
"What is the purpose of the error.info property in Node.js errors, and how is it used?",Content Retrieval Complex,"The error.info property in Node.js errors is used to provide additional details about the error condition. It is an object that contains extra information about the error, such as the error code or a human-readable description of the error. This property is particularly useful in system errors, where it helps to provide more context about the error, which can be essential for debugging and error handling.","The error.info property in Node.js errors is used to provide additional information about the error that has occurred. In the context of the provided text, it is described as an object property that contains additional details about the `ERR_SYSTEM_ERROR`.",1
How does error handling differ between synchronous and asynchronous APIs in Node.js?,Content Retrieval Complex,"Synchronous APIs handle errors using throw and try...catch, while asynchronous APIs report errors via Promises, callbacks, or 'error' events.","According to the context, error handling differs between synchronous and asynchronous APIs in Node.js in the following ways:

* Synchronous APIs: Use the `throw` mechanism to raise exceptions that must be handled using `try…catch`. This is mentioned in the context as ""A handful of typically asynchronous methods in the Node.js API may still use the `throw` mechanism to raise exceptions that must be handled using `try…catch`.""
* Asynchronous APIs: Use the `'error'` event mechanism, which is most common for stream-based and event emitter-based APIs. This is emphasized in the context as ""The use of the `'error'` event mechanism is most common for [stream-based][] and [event emitter-based][] APIs, which themselves represent a series of asynchronous operations over time (as opposed to a single operation that may pass or fail).""",0
Why is the error.code property more stable than error.message in nodejs?,Content Retrieval Complex,"The error.code property is more stable because it only changes between major versions, whereas error.message is more variable and less consistent.","The error.code property is more stable than error.message in Node.js because it will only change between major versions of Node.js, whereas error.message strings may change between any versions of Node.js.",1
What should be done in nodejs errors if an asynchronous method returns a Promise?,Content Retrieval Complex,"If an asynchronous method returns a Promise, you should always handle the possibility that it might be rejected, for example, using .catch() or try...catch with await.","According to the context, if an asynchronous method returns a Promise, you should always take into account that it might be rejected.",0
What happens if no 'error' event handler is provided for an EventEmitter in nodejs?,Content Retrieval Complex,"If no 'error' event handler is provided for an EventEmitter, the error will cause the Node.js process to crash unless a handler for 'uncaughtException' is registered.","If no 'error' event handler is provided for an EventEmitter in Node.js, the error will be thrown, causing the Node.js process to report an uncaught exception and crash unless either: a handler has been registered for the '`'uncaughtException'`' event, or the deprecated '`node:domain`' module is used.",1
"How does Node.js handle errors that occur within asynchronous APIs, and what mechanisms are available for error propagation?",Content Retrieval Complex,"Node.js handles errors in asynchronous APIs through several mechanisms: errors can be propagated via rejected Promises, callback functions (where the first argument is an Error object), or 'error' events on EventEmitter objects. These mechanisms ensure that errors are reported and can be handled appropriately, preventing the Node.js process from crashing.","According to the provided context, Node.js handles errors that occur within asynchronous APIs in the following ways:

1. Using the `throw` mechanism: A handful of typically asynchronous methods in the Node.js API may still use the `throw` mechanism to raise exceptions that must be handled using `try…catch`.
2. Using the `'error'` event mechanism: The use of the `'error'` event mechanism is most common for stream-based and event emitter-based APIs, which themselves represent a series of asynchronous operations over time.

Additionally, the context states that:

* All JavaScript errors are handled as exceptions that are instances of the standard JavaScript Error class and are guaranteed to provide at least the properties available on that class.
* Node.js supports several mechanisms for propagating and handling errors that occur while an application is running.
* How these errors are reported and handled depends entirely on the type of Error and the style of the API that is called.
* Developers must refer to the documentation of each method to determine the appropriate error handling mechanism required.
* The error event mechanism is most common for stream-based and event emitter-based APIs.",0
"What is the purpose of the error.code property in Node.js, and why is it preferred over error.message for identifying errors?",Content Retrieval Complex,"The error.code property provides a stable string label that identifies the type of error, making it ideal for programmatic error handling. Unlike error.message, which can change between minor versions, error.code only changes between major versions, ensuring consistency and reliability when identifying and handling specific errors.","According to the provided context, the purpose of the error.code property in Node.js is to identify the kind of error, and it is preferred over error.message for the following reasons:

* `error.code` is a string label that identifies the kind of error, and it will only change between major versions of Node.js. This makes it a stable way to identify an error.
* In contrast, `error.message` strings may change between any versions of Node.js, making them less reliable for error identification.

Additionally, the context suggests that `error.code` is a more specific and unique identifier for an error compared to `error.message`, which may be more general and prone to changes.

Therefore, it is recommended to use `error.code` instead of `error.message` for identifying errors in Node.js.",1
What is the difference between assert.deepEqual() and assert.deepStrictEqual() in Node.js?,Content Retrieval Complex,"assert.deepEqual() uses the == operator for comparison, which allows coercion (e.g., 1 == '1'), while assert.deepStrictEqual() uses Object.is(), which performs strict equality checks (e.g., 1 !== '1'). assert.deepStrictEqual() is recommended for more reliable assertions.","According to the provided context, `assert.deepStrictEqual` and `assert.partialDeepStrictEqual` are two functions provided by Node.js for deep equality checks. The main difference between them is that `assert.partialDeepStrictEqual` does not require all properties in the `actual` parameter to be present in the `expected` parameter, whereas `assert.deepStrictEqual` requires all properties in the `actual` to be present in the `expected`.

In other words, `assert.partialDeepStrictEqual` is a more relaxed version of `assert.deepStrictEqual`, allowing the `actual` object to have more properties than the `expected` object.",0
How does assert.throws() validate errors in Node.js?,Content Retrieval Complex,"assert.throws() allows you to specify an error validation mechanism, such as a Class, RegExp, validation function, or object. It checks that the function throws an error matching the specified criteria, throwing an AssertionError if the validation fails.","The `assert.throws()` function in Node.js is used to validate errors. It takes a callback function as its first argument and expects this callback function to throw an error. If the callback function throws an error, `assert.throws()` will not throw an error, and if the callback function does not throw an error, `assert.throws()` will throw an AssertionError.

Here's an example:

```javascript
assert.throws(() => {
  throw new Error('Wrong value');
}, /Wrong value/);
```

In this example, the callback function throws a new Error with the message 'Wrong value'. The `assert.throws()` function expects this error to be thrown, and since it is, it does not throw an AssertionError. The regular expression `/Wrong value/` is used to validate the error message. If the message is not 'Wrong value', `assert.throws()` will throw an AssertionError.",1
"What is the purpose of assert.CallTracker in Node.js, and why is it deprecated?",Content Retrieval Complex,"assert.CallTracker is used to track whether functions are called a specific number of times. It is deprecated because it is no longer recommended for use, and alternatives like mock helper functions are suggested instead.","The purpose of `assert.CallTracker` in Node.js is to track if a function was called a specific number of times. It returns a wrapper function that can be used to track the function calls. The `tracker.verify()` method must be called for the verification to take place. The usual pattern is to call it in a `process.on('exit')` handler.

`assert.CallTracker` is deprecated and will be removed in a future version.",1
How does assert.partialDeepStrictEqual() differ from assert.deepStrictEqual() in Node.js?,Content Retrieval Complex,"assert.partialDeepStrictEqual() only compares properties that exist on the expected parameter, making it useful for partial comparisons. In contrast, assert.deepStrictEqual() requires all properties to match exactly, including those not present in the expected object.","`assert.partialDeepStrictEqual` behaves as a superset of `assert.deepStrictEqual`, but it does not require all properties in the `actual` parameter to be present in the `expected` parameter.",1
What happens if assert.ok() is called without any arguments?,Content Retrieval Complex,"If assert.ok() is called without arguments, it throws an AssertionError with the message: ""No value argument passed to assert.ok()"". This ensures that the function is used correctly and that a truthy value is provided for validation.","If `assert.ok()` is called without any arguments, it will throw an AssertionError with the message ""No value argument passed to `assert.ok()`"".",1
How does the assert.deepStrictEqual() method handle comparisons of WeakMap and WeakSet objects in Node.js?,Content Retrieval Complex,"The assert.deepStrictEqual() method in Node.js handles comparisons of WeakMap and WeakSet objects by checking their structure rather than their contents. Since WeakMap and WeakSet do not rely on their values for comparison, the method only verifies that the objects are instances of WeakMap or WeakSet and do not compare their internal entries.","The assert.deepStrictEqual() method in Node.js does not compare WeakMap and WeakSet objects by their values. 

When comparing different instances, even with the same contents, it fails and throws an AssertionError. This is because WeakMap and WeakSet objects are compared by their identity, not by their values, and different instances are not considered equal. 

However, when comparing the same instance to itself, it succeeds. This is because the same instance is compared to itself, and identity is considered equal.",0
"What is the purpose of the stackStartFn parameter in the assert.fail() method, and how does it affect the error message?",Content Retrieval Complex,"The stackStartFn parameter in the assert.fail() method allows you to specify a function that, if provided, causes the generated stack trace to omit all frames up to this function. This helps in truncating the stack trace to start from a specific point, making the error message more focused on the relevant part of the code.","According to the provided context, the purpose of the `stackStartFn` parameter in the `assert.fail()` method is to:

* Remove all stack frames above that function from the stacktrace

This means that if `stackStartFn` is provided, all stack frames above that function will not be included in the error message's stacktrace.",1
Why is it recommended to use strict assertion mode in Node.js instead of legacy assertion mode?,Content Retrieval Complex,"It is recommended to use strict assertion mode in Node.js instead of legacy assertion mode because strict mode provides more reliable and precise comparisons. Legacy mode uses the Abstract Equality Comparison (==), which can lead to surprising results due to coercion (e.g., 1 == '1'). In contrast, strict mode uses the SameValue Comparison (Object.is()), which performs strict equality checks and is less prone to unexpected behavior.",It is recommended to use strict assertion mode in Node.js instead of legacy assertion mode,0
"What is the purpose of the error.code property in Node.js errors, and how is it used in assertions?",Content Retrieval Complex,"The error.code property in Node.js errors is a string label that identifies the type of error. It is used in assertions to provide a stable way to identify and handle specific errors. For example, in the assert module, the error.code property is set to 'ERR_ASSERTION' to indicate that the error is an assertion error.",The purpose of the `error.code` property in Node.js errors is a string label that identifies the kind of error. It is the most stable way to identify an error and will only change between major versions of Node.js.,0
How does the assert.rejects() function in Node.js handle cases where the async function throws an error synchronously?,Content Retrieval Complex,"The assert.rejects() function in Node.js handles cases where the async function throws an error synchronously by returning a rejected Promise with that error. If the function does not return a Promise, assert.rejects() returns a rejected Promise with an ERR_INVALID_RETURN_VALUE error, skipping the error handler.","According to the context, when an async function throws an error synchronously, `assert.rejects()` will return a rejected `Promise` with that error.",1
What is the difference between assert.doesNotThrow() and assert.doesNotReject() in Node.js?,Content Retrieval Complex,"The difference between assert.doesNotThrow() and assert.doesNotReject() in Node.js is that assert.doesNotThrow() checks that a synchronous function does not throw an error, while assert.doesNotReject() checks that an asynchronous function (or Promise) does not reject. Both functions ensure that errors are handled appropriately, but they operate in different contexts (synchronous vs. asynchronous).","The main differences between `assert.doesNotReject` and `assert.doesNotThrow` are:

* `assert.doesNotReject` checks if a function does not reject a promise, whereas `assert.doesNotThrow` checks if a function does not throw an error.
* `assert.doesNotReject` returns a rejected promise with an `ERR_INVALID_RETURN_VALUE` error if the function does not return a promise, whereas `assert.doesNotThrow` does not throw an error if the function does not return",1
How does the assert.strictEqual() method in Node.js handle comparisons of NaN values?,Content Retrieval Complex,"The assert.strictEqual() method in Node.js handles comparisons of NaN values by using the SameValue Comparison (Object.is()). Since NaN is considered identical to itself (NaN !== NaN is false), the method treats NaN values as equal when compared with each other.","According to the provided context, the `assert.strictEqual` method in Node.js handles comparisons of NaN values by treating both sides as identical if they are both NaN.",1
"What is the purpose of the generatedMessage property in the assert.AssertionError class, and when is it set to true?",Content Retrieval Complex,"The generatedMessage property in the assert.AssertionError class indicates whether the error message was automatically generated by the assertion function. It is set to true when the message is auto-generated by the system, such as when using assert.strictEqual(). If a custom message is provided, this property is set to false.","The generatedMessage property in the AssertionError class is set to true if the message was auto-generated. 

For example, when you create a new AssertionError object with auto-generated message, the generatedMessage property will be true.",0
What type of release is Apache Spark 2.4.7?,Version-Specific Content Retrieval,"Spark 2.4.7 is a maintenance release containing stability, correctness, and security fixes.","The type of release mentioned in the context for Apache Spark 2.4.7 is a ""maintenance release"".",1
What is the stability level of the assert.partialDeepStrictEqual method in Node.js version 23.11.0?,Version-Specific Content Retrieval,"In Node.js v23.11.0, the stability level of the assert.partialDeepStrictEqual method is 1_2 - Release candidate.","According to the provided context, the stability level of the `assert.partialDeepStrictEqual` method in Node.js version 23.11.0 is 2 - Stable.",0
What is the stability level of the assert.partialDeepStrictEqual method in Node.js version 22.14.0?,Version-Specific Content Retrieval,"In Node.js v22.14.0, the stability level of the assert.partialDeepStrictEqual method is 1_0 - Early development.",The stability level of the `assert.partialDeepStrictEqual` method in Node.js version 22.14.0 is 2 - Stable.,0
What is the stability level of the assert.partialDeepStrictEqual method in Node.js version 21.7.3?,Version-Specific Content Retrieval,No information available.,"According to the context, the stability level of the `assert.partialDeepStrictEqual` method in Node.js version 21.7.3 is 2 - Stable.",0
What can be the CallTracker object be used for in Node.js Assert version 14.21.3?,Version-Specific Content Retrieval,The CallTracker object can be used to track if functions were called a specific number of times.,The CallTracker object can be used in Node.js Assert version 14.21.3 to track if functions were called a specific number of times. It is used to verify if a function was called a specific number of times during unit testing.,1
What can be the CallTracker object be used for in Node.js Assert version 13.14.0?,Version-Specific Content Retrieval,No information available.,"The `CallTracker` object in Node.js's Assert module can be used to track if functions were called a specific number of times. It can be used to verify that a function was called the correct number of times, or to verify that a function was not called at all.",0
What is the stability level of the assert.CallTracker in Node.js version 19.9.0?,Version-Specific Content Retrieval,Stability: 1 - Experimental,"The stability level of the `assert.CallTracker` class in Node.js version 19.9.0 is ""2 - Stable"".",0
What is the stability level of the assert.CallTracker in Node.js version 20.19.0?,Version-Specific Content Retrieval,Stability: 0 - Deprecated,The stability level of the `assert.CallTracker` class in Node.js version 20.19.0 is 0 - Deprecated.,1
What is the constructor signature of the Error class in Node.js version 17.9.1?,Version-Specific Content Retrieval,"In Node.js version 17.9.1, the constructor signature of the Error class is: new Error(message[, options])
Where:
message is a <string> that sets the error.message property to the provided text message. If an object is passed as message, the text message is generated by calling String(message).
options is an optional <Object> that can include a cause property, which is assigned to the error.cause property. This allows for chaining errors and providing additional context about the original error.","The constructor signature of the Error class in Node.js version 17.9.1 is:

```javascript
new Error(message[, options])`
```

It takes two parameters: `message` which is a string and `options` which is an optional object.",1
What is the constructor signature of the Error class in Node.js version 16.20.2?,Version-Specific Content Retrieval,"In Node.js version 16.20.2, the constructor signature of the Error class is: new Error(message[, options])
Where:
message is a <string> that sets the error.message property to the provided text message. If an object is passed as message, the text message is generated by calling String(message).
options is an optional <Object> that can include a cause property, which is assigned to the error.cause property. This allows for chaining errors and providing additional context about the original error.
","The constructor signature of the Error class in Node.js version 16.20.2 is:

`new Error(message[, options])`

Where:

* `message` is a string
* `options` is an object that can contain the following properties:
	+ `name`: a string representing the name of the error
	+ `cause`: an Error object that caused this error to occur
	+ `code`: a string representing the error code

Note that the `options` object is optional, and you can create an Error object without providing it.",0
"What is the CERT_NOT_YET_VALID error in Node.js version 22.14.0, and when does it occur?",Version-Specific Content Retrieval,"The CERT_NOT_YET_VALID error in Node.js occurs when the certificate is not yet valid, meaning the notBefore date is after the current time. This error indicates that the certificate cannot be used because it is not valid for the current time period.","There is no information about CERT_NOT_YET_VALID error in the provided context. It seems that the context only provides information about different types of errors in Node.js, but CERT_NOT_YET_VALID is not mentioned.",0
"What is the CERT_NOT_YET_VALID error in Node.js version 21.7.3, and when does it occur?",Version-Specific Content Retrieval,No information available.,"There is no CERT_NOT_YET_VALID error mentioned in the provided context. The error descriptions and information mentioned in the context do not include CERT_NOT_YET_VALID. Therefore, it is not possible to answer the question based on the provided context.",1
"What is the ERR_ACCESS_DENIED error in Node.js version 16.20.2, and under what circumstances does it occur?",Version-Specific Content Retrieval,The ERR_ACCESS_DENIED error in Node.js v16.20.2 is a special type of error that is triggered whenever Node.js tries to get access to a resource restricted by the policy manifest.,"According to the provided context, `ERR_ACCESS_DENIED` is a special type of error that is triggered whenever Node.js tries to get access to a resource restricted by the policy manifest.",1
"What is the ERR_ACCESS_DENIED error in Node.js version 15.14.0, and under what circumstances does it occur?",Version-Specific Content Retrieval,No information available.,"The ERR_ACCESS_DENIED error in Node.js version 15.14.0 is triggered whenever Node.js tries to get access to a resource restricted by the policy manifest. For example, `process.binding`.",0
Under what conditions does the ERR_FS_CP_DIR_TO_NON_DIR error occur in Node.js version 16.20.2?,Version-Specific Content Retrieval,"The ERR_FS_CP_DIR_TO_NON_DIR error in Node.js v16.20.2 occurs when an attempt is made to copy a directory to a destination that is not a directory (e.g., a file or symlink) using the fs.cp() method.","According to the context, the error ""ERR_FS_CP_DIR_TO_NON_DIR"" occurs when an attempt is made to copy a directory to a non-directory (file, symlink, etc.) using the `fs.cp()` function.",1
What is the ERR_HTTP_CONTENT_LENGTH_MISMATCH error in Node.js version 16.20.2?,Version-Specific Content Retrieval,The ERR_HTTP_CONTENT_LENGTH_MISMATCH error in Node.js v16.20.2 occurs when the size of the response body does not match the value specified in the Content-Length header.,"According to the given context, the ERR_HTTP_CONTENT_LENGTH_MISMATCH error in Node.js version 16.20.2 is described as: ""Response body size doesn't match with the specified content-length header value.""",1
what is the stability of assert.deepEqual() in Node.js version 15.14.0?,Version-Specific Content Retrieval,"In Node.js v15.14.0, assert.deepEqual() is marked as deprecated (Stability: 0 - Deprecated).","The stability of `assert.deepEqual()` in Node.js version 15.14.0 is ""Stable"", which is rated as 2 - Stable. This means that the feature has been widely tested and is considered stable in production environments.",0
what is the stability of assert.deepEqual() in Node.js version 14.21.3?,Version-Specific Content Retrieval,"In Node.js v14.21.3, assert.deepEqual() is marked as legacy (Stability: 3 - Legacy).",The stability of assert.deepEqual() in,0
How is the assert module imported in Node.js version 17.9.1?,Version-Specific Content Retrieval,"In Node.js, when using CommonJS modules, you can import the assert module in two ways depending on whether you want standard or strict assertion behavior.  If you just need the regular assertion methods, you can use: const assert = require('assert');  If you want stricter comparisons (for example, using === instead of ==), you can use the strict mode like this: const assert = require('assert/strict');","The assert module is not imported in Node.js version 17.9.1. Instead, it is provided as a built-in module, and can be accessed using the `require('assert')` statement.",0
How is the assert module imported in Node.js version 18.20.8?,Version-Specific Content Retrieval,"In Node.js version 18.20.8, you can use the node:assert module with either ES Modules (MJS) or CommonJS (CJS), depending on how your project is set up. If you’re using ES Modules, import it like this: import assert from 'node:assert'; If you’re using CommonJS, import it like this: const assert = require('node:assert');","The `node:assert` module is not imported directly in Node.js version 18.20.8. In fact, the provided context does not mention any information about how to import the `node:assert` module in this version. The context mainly consists of documentation and details about the `node:assert` module, its features, and its behavior.",0
How many Node.js versions are you aware of?,Version Listing & Inquiry,"11.15.0
12.22.12
13.14.0
14.21.3
15.14.0
16.20.2
17.9.1
18.20.8
19.9.0
20.19.0
21.7.3
22.14.0
23.11.0
The number of versions is 13","You are not aware of any Node.js versions beyond the ones mentioned in the provided context, which are:

* 23.11.0
* 18.20.8
* 22.14.0
* 21.7.3
* 19.9.0
* 17.9.1
* 15.14.0
* 16.20.2

These are all versions that are specifically mentioned in the error code documentation.",0
What is the latest NodeJs version you know of?,Version Listing & Inquiry,23.11.0,The latest version of Node.js that is mentioned in the context is 22.14.0.,0
What is the oldest NodeJs version you know of?,Version Listing & Inquiry,11.15.0,The oldest Node.js version you know of is v13.14.0.,0
Does NodeJs version 21.7.3 exist in the system?,Version Listing & Inquiry,Yes,"Based on the provided context, there is no mention of Node.js version 21.7.3. The context only mentions various Node.js versions such as 14.21.3, 16.20.2, 17.9.1, 18.20.8, 19.9.0, 20.19.0, 22.14.0, 23.11.0, but not 21.7.3. Therefore, the answer is:

No, Node.js version 21.7.3 does not exist in the system.",0
Does NodeJs version 13.0.0 exist in the system?,Version Listing & Inquiry,No,"There is no answer about the NodeJs version 13.0.0 in the provided context. The context only mentions versions 15.14.0, 16.20.2, 17.9.1, 18.20.8, 19.9.0, 20.19.0, 21.7.3, 22.14.0, and 23.11.0, but not 13.0.0.",0
Does NodeJs version 5.2.3 exist in the system?,Version Listing & Inquiry,No,There is no NodeJs version 5.2.3 mentioned in the provided context.,1
Does NodeJS version 3.5.5 exist in the system?,Version Listing & Inquiry,No,"Based on the provided context, there is no information about the existence of NodeJS version 3.5.5 in the system.",0
What Apache Spark versions are available?,Version Listing & Inquiry,"- Version 2.4.7
- Version 3.3.4
- Version 3.4.4
- Version 3.5.3
- Version 3.5.4
- Version 3.5.5","According to the context, the available Apache Spark versions are:

* Spark 3.4.4
* Spark 3.5.4
* Spark 3.5.5
* Preview release of Spark 4.0",0
What is the latest Apache Spark version in the system?,Version Listing & Inquiry,3.5.5,"The latest Apache Spark version mentioned in the text is Spark 3.5.5, which was released on Feb 27, 2025.",1
What is the oldest Apache Spark version in the system?,Version Listing & Inquiry,2.4.7,"The oldest Apache Spark version mentioned in the text is Spark 3.4.4, which was released on October 27, 2024.",0
Does Apache Spark version 3.7.0 exist in the system?,Version Listing & Inquiry,No,"No, Apache Spark version 3.7.0 does not exist in the given context. The highest version mentioned is 3.5.5.",1
Does the Apache version 20.19.0 exist in the system?,Version Listing & Inquiry,No,"No, the Apache version 20.19.0 does not exist in the system. There is a mention of the Node.js version 20.19.0 in the context, but not Apache version 20.19.0.",1
Does Apache Spark version 3.4.4 exist in the system?,Version Listing & Inquiry,Yes,"Yes, Apache Spark version 3.4.4 exists.",1
What is the latest Bootstrap version you know of?,Version Listing & Inquiry,5.3.5,The latest Bootstrap version mentioned in the context is v5.3.5.,1
How many Bootstrap versions are you aware of?,Version Listing & Inquiry,"- 5.2.3
- 5.3.1
- 5.3.2
- 5.3.3
- 5.3.4
- 5.3.5

That makes a total of six versions.","According to the provided context, the Bootstrap version information is:

* v5.3.3
* v5.3.2
* v5.2.3
* v5.3.1
* v5.3.4
* v5.3.5",1
Which NodeJs versions about Errors are you aware of?,Version Listing & Inquiry,"20.19.0
16.20.2
23.11.0
21.7.3
15.14.0
17.9.1
19.9.0
22.14.0
18.20.8","Based on the provided context, the Node.js versions that have information about errors are:

1. Node.js: Errors
	* Version 18.20.8
	* Version 22.14.0
	* Version 23.11.0
	* Version 21.7.3
	* Version 20.19.0
	* Version 19.9.0
	* Version 17.9.1
	* Version 16.20.2
	* Version 15.14.0",1
What is the oldest Bootstrap version you know of?,Version Listing & Inquiry,5.2.3,"What is the oldest Bootstrap version you know of?

According to the provided context, the oldest Bootstrap version mentioned is v5.2.3, which was released on Nov 22, 2022.",1
Is the system aware of Bootstrap version 1.2.3?,Version Listing & Inquiry,No,"No, the system is not aware of Bootstrap version 1.2.3. The context only mentions releases of Bootstrap versions 5.2.3, 5.3.1, 5.3.2, 5.3.3, and 5.3.4, but not version 1.2.3.",1
Is the system aware of bootstrap version 5.3.4?,Version Listing & Inquiry,Yes,"No, the system is not aware of bootstrap version 5.3.4.",0
Is the system aware of version 3.6 of Apache Spark?,Version Listing & Inquiry,No. There is no specific information about version 3.6 of Apache Spark in the data provided.,"No, the system is not aware of version 3.6 of Apache Spark.",1
What changed in  the Error class in Node.js version 17.9.1 regarding the constructor?,Change Retrieval (i),Nothing changed.,There is no specific information about what changed in the `Error` class in Node.js version 17.9.1 regarding the constructor. The documentation does not provide a detailed overview of the changes made to the `Error` class in this version.,0
With what Node.js version were changes about OpenSSL error codes introduced?,Change Retrieval (i),The changes about OpenSSL error codes were introduced with Node.js version 22.14.0.,"Based on the provided context, there is no specific mention of what Node.js version introduced the changes about OpenSSL error codes. However, some error codes mentioned in the context have version-specific information. For example, `ERR_CRYPTO_OPERATION_FAILED` was introduced in Node.js version 15.0.0. 

If you are looking for information on specific error codes or their introduction in different Node.js versions, you may need to",0
With what Node.js version was error code ERR_ACCESS_DENIED added?,Change Retrieval (i),The error code ERR_ACCESS_DENIED was added in Node.js version 16.20.2.,"The error code ERR_ACCESS_DENIED was not mentioned in the provided context. Therefore, it is not possible to determine the version of Node.js with which this error code was added.",0
What version introduced a change for a more detailed description of the error code ERR_FS_CP_DIR_TO_NON_DIR in Node.js?,Change Retrieval (i),The detailed description for the error code ERR_FS_CP_DIR_TO_NON_DIR was introduced in version 16.20.2 of Node.js.,The error code `ERR_FS_CP_DIR_TO_NON_DIR` was introduced in version `v16.7.0` of Node.js.,0
When was the change about the newly added error code ERR_HTTP_CONTENT_LENGTH_MISMATCH introduced to Node.js?,Change Retrieval (i),The change about the newly added error code `ERR_HTTP_CONTENT_LENGTH_MISMATCH` was introduced to Node.js in version 16.20.2.,There is no information provided in the given context about when the change related to the newly added error code `ERR_HTTP_CONTENT_LENGTH_MISMATCH` was introduced to Node.js.,0
Was the CallTracker object introduced as new feature in Node.js Assert version 14.21.3?,Change Retrieval (i),"Yes, the `CallTracker` object was introduced as an new feature in Node.js Assert version 14.21.3.","The CallTracker object was not introduced as a new feature in Node.js Assert v14.21.3. The CallTracker object was introduced in Node.js v14.2.0 and v12.19.0.

According to the provided context, the CallTracker object was introduced in v14.2.0 and v12.19.0, and it is marked as deprecated and will be removed in a future version.",0
When was new sample code for weakmap and weakset comparison added to Node.js Assert?,Change Retrieval (i),The new sample code for WeakMap and WeakSet comparison was added to Node.js Assert in version 22.14.0.,The new sample code for weakmap and weakset comparison was not added to Node.js Assert. There is no mention of when this code was added in the provided context.,0
When was the assert method partialDeepStrictEqual added to Node.js Assert?,Change Retrieval (i),The `assert.partialDeepStrictEqual` method was added to Node.js in version 22.14.0,The `assert.partialDeepStrictEqual` method was added in version v22.13.0.,0
Since when are the modules imported with node: syntax in Node.js Assert?,Change Retrieval (i),The `node:` prefix for importing built-in modules in Node.js Assert was introduced in version 16.*,"There is no information in the provided context about when modules were imported with `node:` syntax in Node.js Assert. The context mainly discusses different versions of Node.js, the assert module, and pull requests related to the assert module. It does not mention the `node:` syntax for importing modules.",0
Were examples about the partialDeepStrictEqual changed in any Node.js Assert version?,Change Retrieval (i),"Yes. The assert.partialDeepStrictEqual method was introduced in Node.js v22.14.0 with initial usage examples. In v23.11.0, example code was updated to reflect refined comparison rules and upgraded stability status, while outdated examples were removed or replaced to align with new behaviors for NaN, collections, and Error properties.","Based on the provided context, there is no information about changes to Node.js Assert versions regarding partialDeepStrictEqual examples. The context only provides code examples showcasing the usage of partialDeepStrictEqual, but does not mention any versions or changes.",0
What change was made to the way badges handle text readability in Bootstrap v5.3.3?,Change Retrieval (e),"Badges now use the .text-bg-* text utilities to ensure that the text is always readable, especially when customized colors differ in light and dark modes.","What change was made to the way badges handle text readability in Bootstrap v5.3.3?

According to the provided context, the change made in Bootstrap v5.3.3 is that badges now use the `.text-bg-*` text utilities to ensure that the text is always readable (especially when the customized colors are different in light and dark modes). This change was made to fix a breaking change introduced with color modes and to improve the overall readability of badges.",1
What change was made to the way color modes are handled in Bootstrap v5.3.5?,Change Retrieval (e),No information about this change available.,"According to the provided context, there was no change made to the way color modes are handled in Bootstrap v5.3.5. If you're looking for the changes made in previous versions, you can check the release notes for Bootstrap v5.3.3, which mentions that manual import of `_variables-dark.scss` is no longer required when building Bootstrap with Sass.",1
What dependency was upgraded in Apache Spark 3.5.5?,Change Retrieval (e),Avro was upgraded to version 1.11.4 in Spark 3.5.5.,"The dependency that was upgraded in Apache Spark 3.5.5 is:

* Avro to 1.11.4
* Maven to 3.8.8
* Okio to 1.17.6
* ORC to 1.7.10",1
What was fixed in the selector engine in Bootstrap v5.3.3?,Change Retrieval (e),A regression in the selector engine that wasn't able to handle multiple IDs anymore was fixed.,"Within the provided context, there is no information about what was fixed in the selector engine in Bootstrap v5.3.3. The context only provides information about releases v5.3.1, v5.3.2, v5.3.3, and v5.3.5, highlighting various changes made in each release. However, the specific issue or fix related to the selector engine in Bootstrap v5.3.3 is not mentioned.",0
What change was made to the way color modes are handled in Bootstrap v5.3.3?,Change Retrieval (e),"The _variables.scss file will now automatically import _variables-dark.scss, fixing a breaking change introduced with color modes.","In Bootstrap v5.3.3, a change was made to automatically import `_variables-dark.scss` when building Bootstrap with Sass. Previously, it was required to manually import `variables-dark.scss`.",1
What was refactored in the accordion CSS selectors in Bootstrap v5.3.4?,Change Retrieval (e),The accordion CSS selectors were merged for the border-radius rule.,The accordion CSS selectors were refactored in Bootstrap v5.3.4 to avoid inheritance issues when nesting accordions.,0
What dependency updates were included in Bootstrap v5.3.4?,Change Retrieval (e),"Numerous development dependencies were updated, including terser, hugo-bin, eslint, rollup, and others.",No dependency updates were included in Bootstrap v5.3.4.,0
What change was made regarding the NumPy dependency in Spark Release 3.4.4?,Change Retrieval (e),"In Spark Release 3.4.4, a change was made to limit the NumPy version to a supported range of greater than or equal to 1.15 and less than 2. This change is documented under [SPARK-48710]","According to the context, no change was made regarding the NumPy dependency in Spark Release 3.4.4.",0
Which Apache Release improved the behavior of the percentile_disc function with its changes?,Change Retrieval (e),The Apache Spark release that improved the behavior of the percentile_disc function is Apache Spark 3.3.4. This change was documented as SPARK-44871.,"According to the context, the Apache Release that improved the behavior of the percentile_disc function is:

[SPARK-44871](https://issues.apache.org/jira/browse/SPARK-44871): Fix percentile_disc behaviour

This issue is part of the Spark 3.5.5 release, which was released on February 27, 2025.",0
How was the issue with the broken query and the window addressed in Spark Release 3.5.4?,Change Retrieval (e),"In Spark Release 3.5.4, the issue with the possibly broken query when window is provided to window/session_window was addressed with a bugfix. (SPARK-49836).","There is no information in the context about how the issue with the broken query and the window was addressed in Spark Release 3.5.4. The context only provides information about the release notes and the bug fixes for Spark Release 3.5.4, but does not mention anything about the specific issue with the broken query and the window.",0